ID_paiement,Montant,Date_paiment,Nom,Prenom
1,70,2023-04-21,Guibert,Madeleine
2,70,2024-06-06,Dumont,Anastasie
3,275,2024-10-14,Aubry,InÃ¨s
4,70,2023-10-26,Laine,Corinne
5,70,2024-07-07,Nicolas,Lucie
6,25,2023-04-02,Jacquet,Brigitte
7,25,2024-06-02,Dupont,Christelle
8,275,2022-12-15,Maury,Xavier
9,275,2023-07-06,Bertin,Alix
10,275,2024-04-25,Torres,Madeleine
11,70,2024-04-03,Vasseur,Raymond
12,70,2023-04-25,Thibault,Lucie
13,70,2022-12-03,Petitjean,Manon
14,25,2022-11-05,GÃ©rard,Louise
15,70,2023-11-10,Roger,Tristan
16,275,2024-08-13,Lemoine,Ã‰ric
17,70,2023-09-06,Laporte,Hugues
18,70,2023-02-22,Langlois,VÃ©ronique
19,70,2024-05-09,Maillard,AnaÃ¯s
20,275,2024-03-22,Cohen,Charlotte
21,25,2022-11-14,Devaux,Camille
22,25,2023-11-10,Robert,Simone
23,25,2024-07-16,Chauvet,Joseph
24,70,2024-01-09,Riou,Jacqueline
25,275,2024-06-08,Durand,Diane
26,25,2023-04-25,Renard,Philippine
27,25,2024-08-28,LemaÃ®tre,Isabelle
28,25,2024-02-05,Lebreton,Suzanne
29,275,2023-09-24,Collet,Charlotte
30,70,2023-09-02,Joly,Astrid
31,275,2023-08-17,Poirier,Aurore
32,70,2024-03-28,Roy,Ã‰lodie
33,25,2024-08-20,Leduc,Robert
34,25,2024-06-12,Guillon,AndrÃ©
35,70,2024-05-27,Texier,Georges
36,70,2024-04-13,Petit,Marc
37,25,2023-04-10,Alexandre,Georges
38,70,2023-12-14,Robin,Yves
39,275,2024-10-18,Camus,StÃ©phanie
40,25,2023-06-26,Faure,JÃ©rÃ´me
41,25,2023-02-28,Imbert,Zacharie
42,25,2022-12-31,Maury,Claude
43,70,2023-04-09,Barbe,Zacharie
44,25,2024-03-31,Tessier,Benjamin
45,275,2024-01-05,Collin,Diane
46,25,2024-05-27,Berger,Franck
47,275,2024-09-03,Berthelot,Lucie
48,70,2024-06-22,Charpentier,Pierre
49,275,2024-09-10,Marin,Daniel
50,275,2023-01-18,Thierry,Bertrand
51,275,2023-12-08,Vincent,Guillaume
52,70,2024-08-08,Renault,Auguste
53,275,2024-07-02,Laporte,Ã‰lisabeth
54,70,2024-03-30,Bruneau,Alex
55,275,2024-01-25,Adam,FranÃ§oise
56,70,2023-11-30,Durand,Emmanuelle
57,70,2024-06-02,Maillard,Odette
58,25,2024-07-08,Fischer,Claude
59,70,2023-12-06,Sauvage,Tristan
60,70,2023-02-28,Besnard,JosÃ©phine
61,275,2023-08-27,Alves,Antoinette
62,25,2023-11-15,Roger,Gilbert
63,70,2024-10-09,"De Sousa",Arnaude
64,275,2023-11-07,Guillet,Franck
65,25,2023-02-21,Leclerc,Matthieu
66,70,2023-04-27,Rolland,GÃ©rard
67,70,2023-04-06,Humbert,Audrey
68,70,2023-09-08,Raymond,ClÃ©mence
69,70,2023-09-17,Delorme,Thomas
70,275,2023-02-25,Albert,Claire
71,70,2024-02-14,Diallo,AimÃ©
72,25,2024-06-30,Hamon,Adrien
